{
    "eval_f1": 0.924064,
    "eval_precision": 0.923122,
    "eval_recall": 0.925007,
    "eval_accuracy": 0.97713
}